<ContentTypes>
  <content>
    <ext>txt</ext>
    <type>text/plain</type>
  </content>
  <content>
    <ext>htm,html</ext>
    <type>text/html</type>
  </content>
  <content>
    <ext>css</ext>
    <type>text/css</type>
  </content>
  <content>
    <ext>xml</ext>
    <type>text/xml</type>
  </content>
  <content>
    <ext>svg</ext>
    <type>image/svg+xml</type>
  </content>
  <content>
    <ext>zip</ext>
    <type>application/x-zip-compressed</type>
  </content>
  <content>
    <ext>pdf</ext>
    <type>application/pdf</type>
  </content>
  <content>
    <ext>mp3</ext>
    <type>audio/mpeg</type>
  </content>
  <content>
    <ext>pptx</ext>
    <type>application/vnd.openxmlformats-officedocument.presentationml.presentation</type>
  </content>  
  <content>
    <ext>js</ext>
    <type>application/javascript</type>
  </content>
  <content>
    <ext>png</ext>
    <type>image/png</type>
  </content>  
</ContentTypes>